<keymap version="1" name="Emacs copy" parent="Emacs">
  <action id="Back">
    <keyboard-shortcut first-keystroke="alt comma" />
  </action>
  <action id="CopyReference" />
  <action id="FindUsages">
    <keyboard-shortcut first-keystroke="shift alt slash" />
  </action>
  <action id="FindUsagesInFile" />
  <action id="Forward" />
  <action id="GotoDeclaration">
    <keyboard-shortcut first-keystroke="alt period" />
  </action>
  <action id="HippieBackwardCompletion" />
  <action id="Jdbc.OpenEditor.DDL">
    <keyboard-shortcut first-keystroke="ctrl alt g" />
    <keyboard-shortcut first-keystroke="escape" second-keystroke="period" />
    <mouse-shortcut keystroke="control button1" />
  </action>
</keymap>